1,Nguyen,Van A,nguyenvana@example.com,0901234567,Ha Noi
2,Tran,Thi B,tranthib@example.com,0901234568,Ho Chi Minh
3,Le,Van C,levanc@example.com,0901234569,Thai Nguyen
4,Pham,Thi D,phamthid@example.com,0901234570,Da Nang
5,Hoang,Van E,hoangvane@example.com,0901234571,Hai Phong
6,Vu,Thi F,vuthif@example.com,0901234572,Hai Duong
7,Do,Van G,dovang@example.com,0901234573,Hue
8,Ngo,Thi H,ngothih@example.com,0901234574,Lao Cai
9,Duong,Van I,duongvani@example.com,0901234575,Nam Dinh
10,Nguyen,Thi J,nguyenthij@example.com,0901234576,Thai Binh
11,Pham,Van K,phamvank@example.com,0901234577,Can Tho
12,Bui,Thi L,buithil@example.com,0901234578,Vinh
13,Nguyen,Van M,nguyenvanm@example.com,0901234579,Da Lat
14,Le,Thi N,lethin@example.com,0901234580,Nha Trang
15,Tran,Van O,tranvano@example.com,0901234581,Quang Ninh
16,Dinh,Thi P,dinhthip@example.com,0901234582,Bac Ninh
17,Ngo,Van Q,ngovanq@example.com,0901234583,Lang Son
18,Pham,Thi R,phamthir@example.com,0901234584,Quang Ngai
19,Nguyen,Van S,nguyenvans@example.com,0901234585,Quang Tri
20,Do,Thi T,dothit@example.com,0901234586,Phu Yen
21,Nguyen,Van U,nguyenvanu@example.com,0901234587,Tuyen Quang
22,Tran,Thi V,tranthiv@example.com,0901234588,Thai Nguyen
23,Le,Van W,levanw@example.com,0901234589,Ha Giang
24,Pham,Thi X,phamthix@example.com,0901234590,Lao Cai
25,Hoang,Van Y,hoangvany@example.com,0901234591,Son La
26,Vu,Thi Z,vuthiz@example.com,0901234592,Dien Bien
27,Do,Van AA,dovanaa@example.com,0901234593,Bac Giang
28,Ngo,Thi BB,ngothibb@example.com,0901234594,Ha Nam
29,Duong,Van CC,duongvancc@example.com,0901234595,Binh Dinh
30,Nguyen,Thi DD,nguyenthidd@example.com,0901234596,Phu Tho
31,Pham,Van EE,phamvanee@example.com,0901234597,Thua Thien Hue
32,Bui,Thi FF,buithiff@example.com,0901234598,Dak Lak
33,Nguyen,Van GG,nguyenvangg@example.com,0901234599,Binh Phuoc
34,Le,Thi HH,lethihh@example.com,0901234500,Gia Lai
35,Tran,Van II,tranvanii@example.com,0901234501,Kon Tum
36,Dinh,Thi JJ,dinhthijj@example.com,0901234502,Lam Dong
37,Ngo,Van KK,ngovankk@example.com,0901234503,An Giang
38,Pham,Thi LL,phamthill@example.com,0901234504,Ba Ria Vung Tau
39,Nguyen,Van MM,nguyenvanmm@example.com,0901234505,Bac Lieu
40,Do,Thi NN,dothinn@example.com,0901234506,Ben Tre
41,Nguyen,Van OO,nguyenvanoo@example.com,0901234507,Binh Duong
42,Tran,Thi PP,tranthipp@example.com,0901234508,Ca Mau
43,Le,Van QQ,levanqq@example.com,0901234509,Cao Bang
44,Pham,Thi RR,phamthirr@example.com,0901234510,Dak Nong
45,Hoang,Van SS,hoangvanss@example.com,0901234511,Dong Nai
46,Vu,Thi TT,vuthitt@example.com,0901234512,Dong Thap
47,Do,Van UU,dovanuu@example.com,0901234513,Hau Giang
48,Ngo,Thi VV,ngothivv@example.com,0901234514,Khanh Hoa
49,Duong,Van WW,duongvanww@example.com,0901234515,Kien Giang
50,Nguyen,Thi XX,nguyenthixx@example.com,0901234516,Lai Chau
51,Pham,Van YY,phamvanyy@example.com,0901234517,Long An
52,Bui,Thi ZZ,buithizz@example.com,0901234518,Soc Trang
53,Nguyen,Van AAA,nguyenvanaaa@example.com,0901234519,Tay Ninh
54,Le,Thi BBB,lethibbb@example.com,0901234520,Tra Vinh
55,Tran,Van CCC,tranvanccc@example.com,0901234521,Vinh Long
56,Dinh,Thi DDD,dinhthiddd@example.com,0901234522,Yen Bai
57,Ngo,Van EEE,ngovaneee@example.com,0901234523,Quang Binh
58,Pham,Thi FFF,phamthifff@example.com,0901234524,Binh Thuan
59,Nguyen,Van GGG,nguyenvanggg@example.com,0901234525,Hau Giang
60,Do,Thi HHH,dothihhh@example.com,0901234526,Tien Giang
61,Nguyen,Van III,nguyenvaniii@example.com,0901234527,Nghe An
62,Tran,Thi JJJ,tranthijjj@example.com,0901234528,Ha Tinh
63,Le,Van KKK,levankkk@example.com,0901234529,Thanh Hoa
64,Pham,Thi LLL,phamthilll@example.com,0901234530,Ninh Binh
65,Hoang,Van MMM,hoangvanmmm@example.com,0901234531,Quang Nam
66,Vu,Thi NNN,vuthinnn@example.com,0901234532,Ninh Thuan
67,Do,Van OOO,dovanooo@example.com,0901234533,Hung Yen
68,Ngo,Thi PPP,ngothippp@example.com,0901234534,Ha Noi
69,Duong,Van QQQ,duongvanqqq@example.com,0901234535,Thai Nguyen
70,Nguyen,Thi RRR,nguyenthirrr@example.com,0901234536,Lao Cai
71,Pham,Van SSS,phamvansss@example.com,0901234537,Nam Dinh
72,Bui,Thi TTT,buithittt@example.com,0901234538,Thai Binh
73,Nguyen,Van UUU,nguyenvanuuu@example.com,0901234539,Da Nang
74,Le,Thi VVV,lethivvv@example.com,0901234540,Hai Phong
75,Tran,Van WWW,tranvanwww@example.com,0901234541,Hai Duong
76,Dinh,Thi XXX,dinhthixxx@example.com,0901234542,Hue
77,Ngo,Van YYY,ngovanyyy@example.com,0901234543,Nha Trang
78,Pham,Thi ZZZ,phamthizzz@example.com,0901234544,Nghe An
79,Nguyen,Van AAAA,nguyenvanaaaa@example.com,0901234545,Da Lat
80,Do,Thi BBBB,dothibbbb@example.com,0901234546,Quang Ninh
